Marital Status,Gender,Income,Children,Education,Clerical,Management,Manual,Professional,Skilled Manual,Home Owner,Cars,Commute Distance,Region,Age,Probability,Prediction
1,1,80000,5,3,0,1,0,0,0,1,2,1,2,64,0.7379464885858013,1
0,1,100000,1,2,0,0,0,1,0,0,3,1,2,44,0.879895518640139,1
0,1,40000,4,1,0,0,0,1,0,1,2,4,2,62,0.6601247101242291,1
0,1,60000,3,3,0,0,0,1,0,0,1,0,2,47,0.9209181742305286,1
1,1,80000,3,2,0,0,0,1,0,0,2,0,2,49,0.7999294413491873,1
0,0,80000,4,4,0,1,0,0,0,1,2,3,2,67,0.8754852552132344,1
0,1,60000,5,3,0,1,0,0,0,1,3,4,2,59,0.5438737870496843,1
1,0,110000,1,3,0,1,0,0,0,1,2,1,2,44,0.9237308034881768,1
1,1,50000,1,3,0,0,0,0,1,1,0,0,2,36,0.9313243447179044,1
0,0,30000,0,2,0,0,0,0,1,1,1,3,2,28,0.9254059233678539,1
1,1,60000,2,2,0,0,0,1,0,1,1,4,2,57,0.6798293903834057,1
1,1,60000,0,2,0,0,0,0,1,1,1,3,2,27,0.8107691348246185,1
0,1,30000,0,0,1,0,0,0,0,1,2,3,2,28,0.8109319538228618,1
0,0,60000,1,3,0,0,0,1,0,0,1,0,2,44,0.9644296741523698,1
1,1,60000,3,3,0,1,0,0,0,1,2,4,2,66,0.5351213958011168,1
1,1,40000,4,1,0,0,0,1,0,1,2,4,2,64,0.443946311136028,0
1,1,50000,3,3,0,0,0,0,1,1,3,4,2,41,0.3774814638437768,0
0,0,80000,3,3,0,0,0,0,1,1,1,0,2,41,0.974852404327703,1
1,0,40000,1,2,1,0,0,0,0,1,1,1,2,49,0.9001228286385146,1
1,0,80000,4,3,0,1,0,0,0,1,0,0,2,42,0.9520788771624492,1
0,0,70000,0,3,0,0,0,1,0,0,1,2,2,37,0.9487359460641416,1
0,0,70000,3,4,0,1,0,0,0,1,2,1,2,52,0.925728790386571,1
1,1,50000,1,4,0,0,0,0,1,1,0,1,2,34,0.9005903576845683,1
1,1,40000,0,1,0,0,0,0,1,1,2,3,2,29,0.6804936307588242,1
1,0,70000,2,1,0,0,0,1,0,1,2,2,2,53,0.8328138848522814,1
0,1,120000,2,3,0,1,0,0,0,0,4,1,2,40,0.8286566255060752,1
0,1,60000,0,2,0,0,0,0,1,0,2,1,2,29,0.908624522590486,1
1,1,60000,4,3,0,0,0,1,0,1,2,2,2,43,0.5998621986697619,1
1,1,60000,2,1,0,0,0,1,0,1,2,2,2,55,0.7167169716422357,1
0,0,80000,4,4,0,0,0,0,1,0,0,0,2,48,0.9783384887549617,1
1,0,130000,3,3,0,1,0,0,0,1,3,0,2,45,0.9047795498146806,1
0,0,70000,0,3,0,0,0,1,0,0,1,0,1,42,0.7875697654401143,1
1,0,50000,4,3,0,1,0,0,0,1,2,4,2,63,0.5976496199362892,1
0,1,60000,3,1,0,0,0,1,0,1,2,4,2,54,0.7387480538445691,1
1,1,40000,3,2,0,0,0,1,0,0,2,3,2,73,0.5089851042702694,1
1,0,60000,2,4,0,0,0,1,0,1,0,2,2,40,0.9017879724175146,1
0,1,50000,0,2,0,0,0,0,1,0,1,2,2,39,0.9186416137996682,1
1,1,80000,4,3,0,1,0,0,0,1,0,1,2,42,0.8926750041158166,1
1,0,40000,3,2,1,0,0,0,0,1,0,1,2,31,0.9106924863053499,1
1,0,50000,3,3,0,0,0,0,1,1,2,0,2,41,0.8627774486220742,1
0,0,60000,2,3,0,1,0,0,0,1,0,4,2,58,0.9400068801072649,1
1,0,60000,0,4,0,0,0,1,0,1,0,0,2,40,0.9590206453926261,1
1,0,20000,2,0,1,0,0,0,0,0,0,0,2,48,0.9304507314416551,1
1,0,70000,2,4,0,0,0,1,0,1,0,2,2,34,0.9103844524939341,1
0,0,30000,0,2,0,0,0,0,1,1,1,3,2,28,0.9254059233678539,1
0,1,30000,0,2,0,0,0,0,1,1,1,3,2,27,0.8762532728059437,1
1,1,40000,3,2,0,0,0,1,0,0,2,3,2,54,0.4842478458340331,0
1,0,60000,2,4,0,1,0,0,0,1,2,3,2,70,0.7515858242963197,1
1,1,40000,1,2,1,0,0,0,0,1,1,1,2,48,0.8372403931664664,1
1,1,70000,1,2,0,0,0,0,1,1,1,2,2,44,0.8627699738161303,1
0,1,50000,3,4,0,1,0,0,0,1,2,4,2,69,0.6996486519400392,1
1,1,70000,3,0,0,0,0,0,1,1,2,3,2,52,0.7094788674096736,1
1,1,40000,2,0,0,0,0,0,1,1,2,2,2,55,0.7269597097927425,1
0,1,30000,0,1,0,0,0,0,1,1,2,3,2,30,0.8217629598348206,1
1,1,60000,3,4,0,1,0,0,0,1,2,1,2,63,0.7296490416274845,1
0,0,80000,0,3,0,1,0,0,0,1,1,1,2,34,0.9739054482546156,1
0,1,60000,2,2,0,0,0,1,0,1,1,4,2,56,0.8385133791330452,1
0,0,40000,0,1,0,0,0,0,1,1,1,3,2,31,0.9395706307263916,1
1,1,120000,1,3,0,1,0,0,0,1,4,0,2,38,0.7874884027562141,1
1,1,60000,4,3,0,1,0,0,0,1,2,2,2,59,0.6415311643993147,1
0,0,40000,3,2,1,0,0,0,0,0,2,0,2,32,0.9106134748858058,1
1,0,60000,3,4,0,1,0,0,0,1,2,4,2,69,0.6534144912552589,1
1,1,40000,0,2,0,0,0,0,1,1,1,3,2,28,0.7677304476065492,1
1,1,80000,4,4,0,0,0,0,1,1,0,1,2,47,0.9012077289883659,1
1,1,60000,3,3,0,1,0,0,0,1,2,4,2,66,0.5351213958011168,1
0,1,70000,2,3,0,0,0,0,1,0,1,0,2,37,0.9490996632127908,1
0,1,120000,2,3,0,1,0,0,0,0,3,0,2,39,0.917482893399092,1
1,1,60000,2,1,0,0,0,1,0,0,2,1,2,51,0.740163314079712,1
1,0,130000,0,4,0,1,0,0,0,1,3,1,2,40,0.9080695328527337,1
1,0,90000,2,1,0,0,0,1,0,1,1,4,2,51,0.8522188041994411,1
0,1,60000,2,3,0,1,0,0,0,1,0,4,2,57,0.8994297218126918,1
1,0,60000,1,4,0,0,0,1,0,0,0,0,2,35,0.9425904576436546,1
1,1,40000,4,1,0,0,0,1,0,0,2,4,2,61,0.39734127417283327,0
0,0,80000,5,2,0,0,0,1,0,1,2,3,2,44,0.850657614742608,1
0,0,70000,2,2,0,0,0,1,0,1,0,3,2,49,0.9583667615365365,1
1,1,80000,4,4,0,1,0,0,0,1,2,3,2,70,0.6250427598321519,1
0,0,20000,3,1,0,0,0,0,1,1,2,2,2,78,0.8868472496503186,1
1,0,90000,4,2,0,0,0,1,0,1,1,1,2,45,0.9074918615354075,1
0,1,40000,2,1,0,0,0,1,0,0,1,2,2,58,0.8727343642227685,1
1,1,130000,1,4,0,1,0,0,0,1,4,0,2,41,0.7989934332359845,1
1,0,60000,2,2,0,0,0,1,0,1,1,2,2,57,0.8742317802901788,1
1,1,30000,2,1,0,0,0,0,1,0,2,0,2,49,0.7671796664796905,1
0,1,80000,4,2,0,0,0,1,0,0,2,0,2,43,0.891040908459075,1
0,1,60000,2,0,0,0,0,0,1,1,2,3,2,52,0.8596700082667408,1
1,1,60000,1,4,0,0,0,1,0,1,0,0,2,35,0.9182380148256404,1
1,1,40000,0,1,0,0,0,0,1,1,2,3,2,27,0.6782242176927102,1
0,1,70000,3,1,0,0,0,1,0,1,0,3,2,52,0.9256430496831329,1
0,1,40000,2,3,0,0,0,0,1,1,0,2,2,36,0.9303006510107472,1
0,0,70000,5,4,0,0,0,1,0,1,3,4,2,46,0.6512480481729704,1
1,1,60000,3,0,0,0,0,0,1,1,2,3,2,52,0.6814649060464409,1
1,1,70000,0,3,0,0,0,1,0,0,1,0,2,43,0.893289868812087,1
1,1,60000,1,2,0,0,0,0,1,1,1,2,2,44,0.8463359008417554,1
1,0,80000,0,3,0,1,0,0,0,1,1,1,2,34,0.9382057033131566,1
0,0,30000,0,0,1,0,0,0,0,1,2,3,2,27,0.8814686577796483,1
0,1,110000,1,2,0,0,0,1,0,1,4,3,2,45,0.7598526400317577,1
1,0,100000,3,2,0,0,0,1,0,1,4,1,2,45,0.7312151441460052,1
0,0,60000,4,4,0,0,0,0,1,0,0,0,2,47,0.9718163541487366,1
0,0,80000,4,4,0,0,0,0,1,1,0,1,2,47,0.9750518249229155,1
1,1,40000,4,1,0,0,0,0,1,1,2,2,2,44,0.6315620627885681,1
0,0,20000,3,0,1,0,0,0,0,0,2,0,2,49,0.9089294323194965,1
0,0,40000,0,1,0,0,0,0,1,1,1,3,2,30,0.939274189523319,1
1,0,100000,4,2,0,0,0,1,0,1,4,2,2,41,0.6253134298722047,1
1,1,70000,4,3,0,1,0,0,0,1,1,1,2,58,0.8244583594125021,1
1,1,60000,5,3,0,0,0,1,0,1,1,2,2,47,0.6890393461969594,1
1,0,70000,4,2,0,0,0,1,0,1,1,1,2,55,0.8880320181927539,1
0,0,70000,0,2,0,0,0,0,1,0,2,0,2,27,0.9640706232853266,1
1,1,60000,3,4,0,1,0,0,0,1,2,1,2,67,0.7337395715280618,1
1,0,60000,0,2,0,0,0,0,1,1,2,3,2,29,0.817345154045464,1
1,0,60000,3,4,0,1,0,0,0,1,2,1,2,67,0.8276728531695073,1
0,1,80000,3,2,0,0,0,1,0,0,1,1,2,51,0.9243539221068462,1
1,0,50000,1,4,0,0,0,0,1,1,0,0,2,35,0.9560493042720223,1
1,1,40000,0,1,0,0,0,0,1,0,2,1,2,30,0.771333548125739,1
0,1,70000,5,2,0,0,0,1,0,1,3,2,2,44,0.6994234021553861,1
0,0,80000,4,4,0,0,0,0,1,1,0,1,2,48,0.9751782282758524,1
1,0,130000,1,3,0,1,0,0,0,1,2,0,2,45,0.9560279004508827,1
1,1,60000,3,3,0,1,0,0,0,0,2,1,2,66,0.7131044949739338,1
0,0,30000,2,1,0,0,0,0,1,0,2,0,2,49,0.9338522586985887,1
0,0,120000,4,2,0,0,0,1,0,1,3,3,2,43,0.8692136344921466,1
0,1,40000,0,1,0,0,0,0,1,0,2,1,2,30,0.8923800456977521,1
0,1,70000,0,4,0,1,0,0,0,1,2,3,2,74,0.8709486765672133,1
1,1,100000,2,4,0,1,0,0,0,1,3,1,2,65,0.7618276380306849,1
1,0,60000,2,2,0,0,0,1,0,1,2,2,2,56,0.8039521547877267,1
1,1,50000,4,3,0,1,0,0,0,1,2,4,2,64,0.4614135017527033,0
1,0,70000,3,2,0,0,0,1,0,1,2,3,2,50,0.7397119026806276,1
1,0,70000,3,4,0,0,0,1,0,1,0,2,2,35,0.8976091208860958,1
1,0,60000,5,3,0,0,0,0,1,1,3,4,2,41,0.47063729159139184,0
0,0,60000,0,4,0,0,0,0,1,1,0,0,2,39,0.9864129731523226,1
0,0,60000,4,4,0,0,0,0,1,0,0,1,2,47,0.9617730773189119,1
0,1,40000,0,1,0,0,0,0,1,1,2,3,2,31,0.8410269574290823,1
0,0,70000,2,3,0,1,0,0,0,0,1,2,2,58,0.9435391837759441,1
0,0,70000,0,3,0,0,0,1,0,0,1,2,2,38,0.9489887069131968,1
0,0,70000,5,4,0,1,0,0,0,1,2,4,2,67,0.7941647993211264,1
0,1,60000,0,2,0,0,0,1,0,0,2,1,2,32,0.8884184503661475,1
1,1,70000,5,2,0,0,0,1,0,0,3,3,2,45,0.368043346708708,0
0,1,30000,0,1,0,0,0,0,1,0,2,1,2,31,0.8795475837453601,1
0,1,40000,0,1,0,0,0,0,1,0,2,1,2,31,0.892879299489499,1
1,0,40000,3,2,1,0,0,0,0,1,1,0,2,31,0.8923325402766802,1
1,1,60000,2,1,0,0,0,1,0,0,2,3,2,50,0.601384075242235,1
1,1,70000,1,2,0,0,0,0,1,1,1,0,2,44,0.92192993593773,1
0,1,50000,2,3,0,0,0,0,1,1,1,2,2,38,0.9012830536872571,1
0,0,60000,4,3,0,1,0,0,0,1,2,4,2,63,0.8065041810669894,1
1,0,60000,1,4,0,0,0,1,0,1,0,2,2,36,0.9128566508255836,1
0,1,40000,0,1,0,0,0,0,1,0,2,0,2,28,0.918343810521788,1
0,0,100000,1,2,0,0,0,1,0,0,3,1,2,44,0.9273707123958573,1
1,0,70000,5,4,0,0,0,1,0,1,1,0,2,47,0.8845339761517825,1
1,0,80000,0,4,0,0,0,0,1,1,0,1,2,40,0.9657836878296089,1
1,1,130000,1,4,0,1,0,0,0,1,4,0,2,40,0.7981555261021102,1
1,0,60000,1,2,0,0,0,0,1,1,1,2,2,46,0.90654067477205,1
1,0,40000,5,1,0,0,0,1,0,0,2,4,2,61,0.496594610777061,0
1,0,60000,0,4,0,0,0,1,0,1,0,0,2,40,0.9590206453926261,1
1,0,60000,2,1,0,0,0,1,0,1,2,3,2,50,0.7581468396889806,1
1,1,70000,2,2,0,0,0,1,0,1,1,4,2,59,0.7100750234331608,1
0,0,60000,1,4,0,0,0,1,0,1,0,2,2,36,0.9626175170416643,1
0,0,40000,0,1,0,0,0,0,1,1,2,3,2,30,0.9016969943621992,1
0,0,70000,4,4,0,0,0,1,0,1,0,2,2,35,0.9487172483790068,1
1,0,30000,2,1,0,0,0,0,1,1,2,1,2,48,0.8324887533428995,1
1,1,100000,3,3,0,1,0,0,0,1,4,0,2,41,0.6803921273511787,1
1,1,40000,2,2,1,0,0,0,0,1,1,0,2,47,0.8575641210403221,1
1,1,60000,4,4,0,0,0,0,1,0,0,0,2,47,0.889481073261524,1
1,1,80000,5,3,0,1,0,0,0,0,2,2,0,62,0.018083768435781876,0
1,1,60000,4,3,0,1,0,0,0,1,2,4,2,60,0.48921472468320276,0
1,0,60000,0,2,0,0,0,0,1,0,1,1,2,33,0.9238905058880115,1
0,0,80000,4,4,0,0,0,0,1,0,0,0,2,47,0.9782278195272621,1
1,1,20000,3,0,1,0,0,0,0,0,2,0,2,52,0.702929409537944,1
1,0,90000,5,2,0,0,0,1,0,1,3,2,2,40,0.6779826230677901,1
0,0,60000,4,3,0,0,0,0,1,0,2,0,2,42,0.9273822563099942,1
0,0,60000,3,4,0,1,0,0,0,1,2,3,2,53,0.8538786688814148,1
1,0,40000,1,2,1,0,0,0,0,1,1,1,2,51,0.9010555543178057,1
0,1,30000,0,2,0,0,0,0,1,1,2,3,2,30,0.8100801377632078,1
0,1,60000,0,3,0,0,0,0,1,0,2,0,2,30,0.9268679078255629,1
1,1,30000,0,1,0,0,0,0,1,1,2,3,2,26,0.6475007658203948,1
0,0,130000,1,3,0,1,0,0,0,0,1,2,2,45,0.9757558279519285,1
1,1,50000,1,3,0,0,0,0,1,1,0,0,2,34,0.9306549962666587,1
1,1,70000,1,3,0,0,0,1,0,1,1,2,2,44,0.8209486353401844,1
0,0,60000,4,3,0,0,0,0,1,0,2,0,2,41,0.9270306675604983,1
0,0,80000,3,4,0,0,0,1,0,0,0,0,2,36,0.9749746977999743,1
1,1,80000,5,2,0,0,0,1,0,1,2,0,2,44,0.7738805417594289,1
0,1,60000,0,2,0,0,0,1,0,0,2,1,2,30,0.8873814868181061,1
1,0,30000,0,0,1,0,0,0,0,0,2,0,2,28,0.8678388737302755,1
1,1,20000,2,0,1,0,0,0,0,1,2,1,2,49,0.7024203062227448,1
0,1,90000,0,2,0,0,0,1,0,0,2,0,2,43,0.9450181555612492,1
1,0,70000,4,3,0,1,0,0,0,1,1,1,2,59,0.8916400060832785,1
0,1,30000,0,1,0,0,0,0,1,1,2,3,2,26,0.8186905674716738,1
1,1,120000,1,1,0,0,0,1,0,1,4,3,2,46,0.614862998345614,1
0,0,50000,0,4,0,0,0,0,1,1,0,1,2,33,0.9782505216943309,1
0,0,40000,0,3,0,0,0,1,0,1,1,2,2,42,0.9383660025802972,1
1,0,70000,4,3,0,1,0,0,0,1,1,4,2,59,0.7617039299599483,1
0,0,60000,0,2,0,0,0,0,1,0,1,1,2,33,0.967574587834221,1
1,0,70000,1,2,0,0,0,0,1,1,1,0,2,44,0.9536646340038838,1
1,1,70000,5,3,0,1,0,0,0,1,4,4,2,60,0.24816088102785042,0
0,0,70000,2,3,0,1,0,0,0,1,1,4,2,59,0.914252045385858,1
1,1,60000,0,1,0,0,0,1,0,1,2,3,2,32,0.6896445755752547,1
1,0,70000,2,2,0,0,0,1,0,1,1,4,2,58,0.8093949193435938,1
1,0,40000,2,1,0,0,0,1,0,0,2,2,2,59,0.7434854211286033,1
0,0,70000,2,3,0,0,0,0,1,1,1,2,2,38,0.9539898641130012,1
1,1,40000,0,1,0,0,0,0,1,1,2,3,2,28,0.6793599843935574,1
1,0,60000,1,4,0,0,0,1,0,1,0,2,2,37,0.9132701449302535,1
0,0,80000,0,4,0,0,0,0,1,0,0,0,2,40,0.9876184200004734,1
0,1,90000,4,3,0,1,0,0,0,1,1,1,2,38,0.931296755716537,1
1,1,70000,4,4,0,0,0,1,0,1,0,2,2,36,0.8127519800535141,1
1,0,70000,5,4,0,0,0,1,0,1,2,0,2,37,0.8117586986248448,1
0,0,40000,5,1,0,0,0,1,0,0,3,2,2,60,0.7287830246966186,1
0,1,110000,4,3,0,1,0,0,0,1,4,3,2,42,0.6669418349779275,1
0,0,70000,3,4,0,1,0,0,0,0,2,1,2,53,0.913116885174368,1
0,0,80000,2,0,0,0,0,0,1,1,2,3,2,49,0.9319573938041835,1
1,1,30000,2,1,0,0,0,0,1,1,2,1,2,49,0.7413571525792734,1
1,1,130000,2,4,0,1,0,0,0,1,3,0,2,42,0.8525985178181835,1
1,1,20000,2,1,0,0,1,0,0,0,2,0,2,53,0.6471994438808607,1
1,1,70000,1,4,0,0,0,1,0,1,1,0,2,46,0.889512624399897,1
1,1,40000,0,1,0,0,0,0,1,1,2,3,2,27,0.6782242176927102,1
1,0,60000,3,3,0,0,0,1,0,1,1,0,2,48,0.9082105286058341,1
0,0,60000,4,3,0,0,0,0,1,1,2,2,2,41,0.8896667182534452,1
1,1,60000,2,1,0,0,0,1,0,0,2,1,2,49,0.7381546442220586,1
0,0,60000,0,4,0,0,0,1,0,1,1,2,2,38,0.9472983728322368,1
0,1,130000,1,3,0,1,0,0,0,0,4,0,2,44,0.8999898578505707,1
0,0,130000,1,3,0,1,0,0,0,0,3,0,2,45,0.9637495523454443,1
0,0,30000,0,2,0,0,0,0,1,1,1,3,2,26,0.9246835558413071,1
1,1,40000,0,1,0,0,0,0,1,1,1,3,2,31,0.7839735158199914,1
1,1,70000,2,0,0,0,0,0,1,0,2,1,2,49,0.8152427771325501,1
0,0,40000,2,2,1,0,0,0,0,0,1,1,2,47,0.9404321887173817,1
1,0,60000,2,2,0,0,0,1,0,1,1,4,2,55,0.785517330665115,1
1,1,40000,4,2,1,0,0,0,0,0,0,0,2,30,0.8517225779189118,1
1,0,40000,1,2,1,0,0,0,0,1,1,1,2,48,0.8996535404270761,1
0,1,30000,0,1,0,0,0,0,1,1,2,3,2,30,0.8217629598348206,1
1,1,110000,1,3,0,1,0,0,0,1,3,3,2,45,0.6880307755574601,1
1,0,70000,4,2,0,0,0,1,0,1,1,4,2,56,0.7559209253874772,1
1,1,60000,4,4,0,0,0,0,1,1,0,1,2,47,0.8750133081923879,1
1,0,60000,2,3,0,1,0,0,0,1,0,4,2,56,0.8631625723185872,1
0,0,70000,1,3,0,0,0,1,0,0,1,0,2,44,0.9687009275144493,1
1,1,130000,2,4,0,1,0,0,0,1,3,2,2,69,0.7799547465817208,1
1,0,70000,2,2,0,0,0,1,0,1,1,2,2,59,0.8891083423276536,1
1,1,30000,2,1,0,0,0,0,1,1,2,1,2,50,0.7423547326597942,1
1,1,60000,1,4,0,0,0,1,0,1,0,2,2,36,0.8573534531968251,1
1,1,60000,0,2,0,0,0,1,0,1,2,3,2,32,0.6727504713886904,1
0,0,40000,0,2,0,0,0,0,1,0,1,1,2,27,0.9568890580508126,1
1,0,40000,4,1,0,0,0,1,0,1,2,3,2,59,0.6501101806246605,1
1,1,60000,3,1,0,0,0,1,0,0,2,2,2,53,0.6432364412038456,1
1,1,40000,1,3,0,0,0,0,1,0,1,0,2,36,0.8552751621446008,1
0,1,30000,1,1,1,0,0,0,0,1,2,1,2,51,0.8782373871746934,1
0,0,80000,5,4,0,0,0,0,1,0,0,0,2,47,0.9747289340096315,1
0,0,60000,3,4,0,0,0,1,0,1,0,2,2,43,0.9516484519747385,1
0,1,20000,3,0,1,0,0,0,0,0,2,0,2,50,0.8519903742970443,1
1,0,60000,5,3,0,1,0,0,0,1,3,4,2,59,0.4581139325517006,0
0,1,50000,2,3,0,0,0,0,1,1,0,2,2,37,0.9387087560370694,1
1,1,50000,1,4,0,0,0,0,1,1,0,0,2,33,0.9251021327756233,1
1,0,60000,0,2,0,0,0,0,1,0,1,1,2,27,0.9216634377434625,1
0,0,70000,0,2,0,0,0,0,1,1,2,3,2,34,0.9279943281447128,1
1,1,50000,4,3,0,0,0,0,1,1,3,4,2,42,0.3435186140100917,0
1,0,60000,2,2,0,0,0,1,0,1,2,2,2,57,0.8047718845113324,1
1,0,120000,1,1,0,0,0,1,0,0,4,2,2,45,0.7608881312382938,1
1,0,100000,4,3,0,1,0,0,0,1,4,0,2,40,0.7601129881841789,1
1,1,60000,1,4,0,0,0,0,1,0,0,0,2,55,0.9298870321829479,1
1,1,80000,1,2,0,0,0,0,1,0,1,0,2,47,0.9199056206881928,1
0,1,60000,4,4,0,0,0,0,1,1,0,1,2,47,0.9450835996865001,1
1,0,60000,1,4,0,0,0,0,1,1,0,0,2,34,0.9610921467359578,1
1,0,80000,3,4,0,0,0,1,0,1,0,0,2,36,0.9497344024679155,1
1,1,70000,2,0,0,0,0,0,1,1,2,4,2,54,0.6771481297526314,1
0,1,70000,2,3,0,1,0,0,0,0,1,2,2,59,0.9060009901016147,1
0,1,40000,0,1,0,0,0,0,1,1,2,3,2,27,0.838221258374605,1
1,1,90000,5,2,0,0,0,1,0,1,3,0,2,41,0.6952022269354506,1
1,1,80000,3,2,0,0,0,1,0,0,2,2,2,50,0.6815034339491448,1
1,0,60000,2,2,0,0,0,1,0,1,1,4,2,55,0.785517330665115,1
1,1,80000,4,3,0,1,0,0,0,1,0,0,2,43,0.9197353477562932,1
0,1,70000,4,3,0,0,0,1,0,1,2,2,2,43,0.8079373325064124,1
1,1,60000,4,3,0,0,0,0,1,1,3,3,2,42,0.4501352462107195,0
0,0,10000,2,1,0,0,1,0,0,1,2,1,2,53,0.8569227695439322,1
0,0,40000,0,1,0,0,0,0,1,0,2,0,2,28,0.9514594820004388,1
1,0,50000,1,3,0,0,0,0,1,1,1,0,2,35,0.9330824940546333,1
0,0,70000,2,3,0,1,0,0,0,0,1,2,2,59,0.9438160502213646,1
0,0,20000,2,0,1,0,0,0,0,1,2,1,2,49,0.910015436169621,1
1,1,60000,2,1,0,0,0,1,0,0,2,1,2,48,0.737146559957189,1
0,0,80000,2,0,0,0,0,0,1,0,2,1,2,50,0.955932648184179,1
1,1,40000,0,1,0,0,0,0,1,1,2,3,2,28,0.6793599843935574,1
0,1,30000,1,1,1,0,0,0,0,0,1,3,2,52,0.8451984594787744,1
1,1,30000,1,1,1,0,0,0,0,1,1,2,2,52,0.7839696484564405,1
1,1,50000,2,4,0,1,0,0,0,1,2,3,2,69,0.6020448283244592,1
0,1,60000,2,1,0,0,0,1,0,1,2,3,2,51,0.8163244469571262,1
1,1,70000,5,2,0,0,0,1,0,1,2,1,2,57,0.700681287736462,1
0,1,60000,0,2,0,0,0,0,1,1,1,3,2,27,0.9132868992623514,1
0,0,30000,0,1,0,0,0,0,1,0,2,0,2,25,0.9441506842954447,1
0,0,50000,1,4,0,0,0,0,1,1,0,1,2,33,0.974755190363676,1
0,1,60000,4,3,0,0,0,1,0,1,2,2,2,43,0.7865612170540497,1
1,1,70000,4,4,0,1,0,0,0,1,2,3,2,73,0.5973157747264822,1
1,1,40000,0,2,0,0,0,0,1,1,1,3,2,27,0.7668002555012785,1
1,1,40000,0,1,0,0,0,0,1,1,2,3,2,28,0.6793599843935574,1
1,1,40000,0,1,0,0,0,0,1,0,2,0,2,27,0.8198624047416091,1
0,0,40000,0,1,0,0,0,0,1,1,2,3,2,31,0.9021577653250133,1
1,0,10000,2,1,0,0,1,0,0,1,2,1,2,53,0.7090003003151024,1
0,0,60000,0,2,0,0,0,1,0,0,2,1,2,32,0.932782044521575,1
0,1,30000,2,1,0,0,0,0,1,1,2,1,2,50,0.8762808995321819,1
1,0,40000,4,1,0,0,0,1,0,1,2,3,2,69,0.6618646920086527,1
0,0,70000,3,4,0,1,0,0,0,1,2,3,2,52,0.8690386027402222,1
1,1,60000,0,2,0,0,0,0,1,0,2,1,2,31,0.8034413873013454,1
0,0,70000,4,3,0,1,0,0,0,1,2,4,2,61,0.8248237587232475,1
1,0,70000,2,1,0,0,0,1,0,1,2,4,2,53,0.7261805164825776,1
0,0,70000,4,3,0,1,0,0,0,1,2,1,2,62,0.9241520396148405,1
1,1,40000,0,2,0,0,0,0,1,0,2,1,2,30,0.7573214069880618,1
1,0,60000,3,4,0,0,0,1,0,1,0,2,2,43,0.8889704812841853,1
1,0,60000,3,4,0,0,0,1,0,1,0,2,2,42,0.8884552856785645,1
1,1,40000,0,2,0,0,0,0,1,1,1,3,2,30,0.7695830572158818,1
0,0,40000,0,1,0,0,0,0,1,1,2,3,2,30,0.9016969943621992,1
0,1,110000,1,3,0,1,0,0,0,1,1,3,2,43,0.9384840646929524,1
1,1,60000,0,2,0,0,0,0,1,1,2,3,2,33,0.723873139841486,1
1,1,30000,0,1,0,0,0,0,1,1,2,3,2,32,0.6546011762281437,1
0,0,70000,4,1,0,0,0,1,0,1,0,3,2,50,0.9485403834395346,1
0,1,110000,2,3,0,1,0,0,0,0,3,0,2,37,0.9060104920874673,1
1,1,70000,3,1,0,0,0,1,0,0,1,1,2,52,0.8255300906766991,1
1,1,70000,4,4,0,0,0,1,0,1,0,2,2,36,0.8127519800535141,1
0,0,80000,3,3,0,0,0,0,1,1,2,2,2,41,0.924466191357504,1
0,0,40000,0,0,1,0,0,0,0,1,2,3,2,26,0.8941210941408252,1
0,1,170000,1,4,0,1,0,0,0,0,4,0,2,66,0.9406587414004203,1
1,1,60000,2,1,0,0,0,1,0,0,2,3,2,51,0.6026321562106263,1
1,0,70000,4,3,0,0,0,1,0,1,2,0,2,43,0.8485341631998312,1
1,0,60000,0,4,0,0,0,1,0,1,0,0,2,39,0.9588154355210573,1
0,0,70000,0,3,0,0,0,1,0,0,1,0,2,37,0.9720370550879301,1
0,0,70000,2,0,0,0,0,0,1,0,2,2,2,54,0.9340280041514039,1
0,0,60000,3,3,0,0,0,0,1,1,0,2,2,40,0.9637283062762083,1
1,0,40000,0,2,0,0,0,0,1,1,2,3,2,28,0.7735680980559649,1
1,1,60000,1,4,0,0,0,0,1,1,0,0,2,33,0.9337715088743804,1
0,0,80000,3,3,0,0,0,0,1,1,2,2,2,41,0.924466191357504,1
0,0,80000,3,4,0,0,0,1,0,1,0,0,2,37,0.9790306302941095,1
1,1,70000,4,2,0,0,0,1,0,1,2,4,2,53,0.509188564583062,1
1,1,120000,2,4,0,1,0,0,0,1,3,3,2,64,0.688223739726257,1
1,0,60000,1,2,0,0,0,0,1,1,1,2,2,45,0.9060983959746511,1
0,1,80000,2,0,0,0,0,0,1,0,2,1,2,52,0.9263441707466818,1
1,0,40000,5,1,0,0,0,1,0,1,2,4,2,60,0.5391536649233215,1
0,0,20000,3,0,1,0,0,0,0,1,2,1,2,50,0.8971934392698567,1
1,0,70000,4,2,0,0,0,1,0,0,1,1,2,56,0.8699183597515168,1
0,0,40000,0,0,1,0,0,0,0,1,2,3,2,29,0.8955914351505007,1
0,1,130000,0,4,0,1,0,0,0,0,2,0,2,38,0.963934616608138,1
1,0,40000,5,1,0,0,0,1,0,0,2,2,2,60,0.6482924873687044,1
0,0,130000,2,3,0,1,0,0,0,0,4,0,2,67,0.938188183489591,1
1,1,60000,0,2,0,0,0,0,1,1,1,3,2,32,0.8147328294562727,1
0,1,50000,2,3,0,0,0,0,1,0,1,0,2,39,0.935316448673812,1
0,1,60000,1,4,0,0,0,1,0,1,0,2,2,35,0.9362969819464941,1
1,0,60000,0,2,0,0,0,1,0,1,2,3,2,32,0.7818014766930377,1
0,0,30000,0,2,0,0,0,0,1,0,1,1,2,31,0.952047541947813,1
0,1,40000,0,2,0,0,0,0,1,1,1,3,2,27,0.8899039638503317,1
1,0,60000,1,3,0,0,0,1,0,1,1,0,2,47,0.9303442844332493,1
1,1,40000,0,3,0,0,0,1,0,0,1,0,2,42,0.8484581589841435,1
1,1,30000,2,1,0,0,0,0,1,1,2,1,2,49,0.7413571525792734,1
0,1,30000,0,2,0,0,0,0,1,1,1,3,2,32,0.8790499366365272,1
1,0,20000,2,1,0,0,1,0,0,0,2,1,2,53,0.6999603647461268,1
1,1,50000,0,4,0,0,0,0,1,1,0,1,2,32,0.9126152297402912,1
0,1,80000,0,3,0,1,0,0,0,0,1,0,2,38,0.9617385530571876,1
0,1,40000,0,1,0,0,0,0,1,1,2,3,2,31,0.8410269574290823,1
0,0,80000,0,3,0,1,0,0,0,0,1,0,2,38,0.977683154938304,1
1,1,60000,2,1,0,0,0,1,0,1,2,4,2,55,0.5739196714836502,1
1,1,70000,3,2,0,0,0,1,0,1,1,3,2,49,0.7322823399693774,1
0,1,30000,5,0,0,0,0,0,1,1,3,4,2,60,0.5403287652349816,1
0,0,110000,3,3,0,1,0,0,0,0,4,1,2,42,0.8649639498874335,1
1,1,60000,1,2,0,0,0,0,1,1,1,0,2,46,0.9126905792408327,1
1,1,60000,2,1,0,0,0,1,0,1,2,4,2,55,0.5739196714836502,1
0,0,70000,3,4,0,1,0,0,0,1,2,3,2,53,0.8696303193865769,1
1,1,50000,3,3,0,0,0,0,1,1,2,2,2,40,0.6564303128895553,1
1,0,30000,1,3,0,0,0,0,1,1,1,3,2,53,0.8203253887973051,1
0,0,70000,2,3,0,0,0,0,1,1,0,2,2,38,0.9721940665900274,1
0,1,30000,0,0,1,0,0,0,0,0,2,0,2,26,0.9016285013506248,1
1,1,70000,5,3,0,1,0,0,0,1,2,2,2,61,0.6392629039636507,1
1,1,50000,2,4,0,1,0,0,0,1,2,3,2,71,0.6045382404209558,1
1,1,90000,4,1,0,0,0,1,0,1,2,1,2,45,0.7829831101450409,1
1,1,80000,2,4,0,0,0,1,0,1,0,0,2,37,0.926975819373958,1
1,0,80000,4,4,0,1,0,0,0,1,2,0,2,72,0.8831423462786798,1
1,1,30000,0,4,0,0,0,0,1,1,0,0,2,32,0.916559657962632,1
1,0,60000,1,3,0,0,0,1,0,1,1,2,2,48,0.8772697991416416,1
1,1,80000,4,4,0,1,0,0,0,1,2,3,2,68,0.6225979214895018,1
1,0,20000,2,0,1,0,0,0,0,1,2,0,2,49,0.8493587387823825,1
1,1,70000,3,4,0,0,0,1,0,1,0,2,2,34,0.8334369173493026,1
1,1,50000,0,4,0,0,0,0,1,1,0,0,2,32,0.9346967189314941,1
0,0,60000,4,3,0,0,0,0,1,0,2,0,2,42,0.9273822563099942,1
1,0,70000,1,4,0,0,0,0,1,1,0,0,2,35,0.9659218203629999,1
1,0,40000,2,2,1,0,0,0,0,1,1,0,2,48,0.9134065728124132,1
0,1,100000,1,4,0,1,0,0,0,1,3,2,2,73,0.8744896415767127,1
0,0,70000,4,3,0,0,0,0,1,1,2,2,2,43,0.9029202898170886,1
1,1,60000,1,4,0,0,0,1,0,1,0,0,2,35,0.9182380148256404,1
1,1,70000,3,4,0,0,0,1,0,1,0,0,2,35,0.9042846948617561,1
1,0,50000,4,3,0,1,0,0,0,1,2,1,2,64,0.7935486359324524,1
1,0,50000,1,3,0,0,0,0,1,1,0,0,2,34,0.9590007681940578,1
1,1,30000,0,0,1,0,0,0,0,0,2,0,2,28,0.7902511967672436,1
0,1,70000,5,3,0,1,0,0,0,1,3,4,2,60,0.577739119534284,1
1,0,70000,5,4,0,0,0,1,0,1,3,4,2,46,0.4317045846374716,0
1,1,40000,4,1,0,0,0,0,1,1,2,0,2,44,0.7630179062136505,1
0,0,60000,4,3,0,0,0,0,1,1,2,2,2,42,0.890177010211605,1
0,1,80000,3,3,0,0,0,0,1,1,0,2,2,40,0.952070702216241,1
0,1,90000,4,4,0,1,0,0,0,1,1,3,2,73,0.8890350232486265,1
0,0,60000,2,3,0,0,0,0,1,0,0,0,2,36,0.9794906443061989,1
0,1,90000,4,3,0,1,0,0,0,1,1,1,2,38,0.931296755716537,1
1,1,60000,1,4,0,0,0,1,0,1,0,2,2,34,0.8560745620156572,1
1,1,50000,4,3,0,1,0,0,0,1,2,4,2,63,0.4601192344852239,0
0,1,50000,3,3,0,0,0,0,1,1,2,2,2,41,0.825211817102984,1
1,1,60000,0,4,0,0,0,0,1,1,0,1,2,39,0.9251728398321508,1
1,1,40000,4,1,0,0,0,0,1,1,2,2,2,46,0.6339829695609108,1
1,0,80000,5,3,0,1,0,0,0,1,2,3,2,64,0.723220625625806,1
1,0,40000,3,2,1,0,0,0,0,1,1,1,2,32,0.8587339452989372,1
0,1,60000,2,3,0,0,0,0,1,1,0,2,2,36,0.9456280759782284,1
0,1,80000,5,4,0,0,0,0,1,0,0,0,2,47,0.9567669793522097,1
1,1,60000,3,4,0,1,0,0,0,1,2,4,2,64,0.5131200808242238,1
0,1,70000,3,4,0,0,0,1,0,0,0,0,2,35,0.9511737500689557,1
0,1,110000,3,3,0,1,0,0,0,1,4,2,2,40,0.7598329963138583,1
1,0,70000,0,2,0,0,0,0,1,1,2,3,2,34,0.8398148617343144,1
1,0,40000,4,1,0,0,0,1,0,1,2,4,2,61,0.5780455632783518,1
1,1,30000,2,1,0,0,0,0,1,1,2,1,2,51,0.7433497971099446,1
0,0,70000,3,2,0,0,0,1,0,1,1,3,2,49,0.9213771271106336,1
1,0,40000,3,2,0,0,0,1,0,0,2,1,2,54,0.7545239274178805,1
0,1,70000,3,4,0,1,0,0,0,0,2,1,2,53,0.857753607797576,1
0,1,90000,2,2,0,0,0,1,0,1,1,2,2,48,0.9329513717438066,1
0,0,50000,0,4,0,0,0,0,1,1,0,1,2,33,0.9782505216943309,1
0,0,40000,2,1,0,0,0,1,0,1,2,4,2,57,0.8173609195613616,1
1,0,70000,0,4,0,0,0,1,0,1,0,2,2,39,0.9339866023832102,1
1,1,60000,2,1,0,0,0,1,0,1,2,3,2,48,0.640281011015908,1
1,1,60000,2,1,0,0,0,1,0,1,2,3,2,50,0.642677041179903,1
1,1,70000,5,4,0,0,0,1,0,0,3,4,2,47,0.26874454013762056,0
1,0,40000,1,2,1,0,0,0,0,1,1,1,2,49,0.9001228286385146,1
0,0,40000,0,1,0,0,0,0,1,0,2,0,2,27,0.9512183345156398,1
0,1,60000,0,2,0,0,0,0,1,1,0,3,2,29,0.9472189510084722,1
1,1,60000,2,3,0,1,0,0,0,1,0,2,2,59,0.8735000080222004,1
1,0,60000,1,2,0,0,0,0,1,1,1,0,2,45,0.9477114873048453,1
1,0,60000,4,3,0,1,0,0,0,1,2,2,2,60,0.7581877032956986,1
1,1,70000,4,4,0,0,0,1,0,1,0,0,2,36,0.8907441564775666,1
1,0,40000,0,1,0,0,0,0,1,1,2,3,2,27,0.7860313172670906,1
0,1,80000,2,0,0,0,0,0,1,0,2,1,2,50,0.9256301589988589,1
0,0,60000,1,4,0,0,0,0,1,1,0,1,2,35,0.978039965775025,1
1,0,60000,1,4,0,0,0,0,1,1,0,2,2,34,0.9293338392240378,1
1,0,40000,3,2,0,0,0,1,0,1,2,3,2,54,0.6611182321809046,1
1,0,60000,4,3,0,0,0,0,1,0,2,0,2,42,0.8385836138465134,1
1,0,50000,1,3,0,0,0,0,1,1,0,2,2,34,0.9256674134610957,1
0,1,50000,2,3,0,0,0,0,1,0,1,0,2,38,0.9350005819655621,1
1,0,90000,5,3,0,1,0,0,0,1,2,1,2,63,0.8478710113703433,1
0,0,90000,4,1,0,0,0,1,0,0,3,1,2,45,0.8849157441125735,1
0,0,60000,0,4,0,0,0,0,1,0,0,0,2,40,0.9839268589373826,1
1,1,70000,2,0,0,0,0,0,1,1,2,4,2,53,0.6760082647243504,1
0,0,70000,1,4,0,0,0,1,0,1,0,2,2,34,0.9667658360692348,1
1,1,70000,0,3,0,0,0,1,0,0,1,0,2,38,0.8907815578086246,1
1,0,70000,4,3,0,1,0,0,0,0,1,1,2,59,0.873452567882644,1
0,0,40000,3,2,1,0,0,0,0,1,1,1,2,30,0.9366613076829754,1
1,1,60000,1,3,0,0,0,1,0,1,1,0,2,48,0.8851016927101928,1
1,0,40000,4,1,0,0,0,0,1,1,2,2,2,43,0.748242123697516,1
1,0,70000,4,4,0,0,0,1,0,1,0,2,2,35,0.8827078871106887,1
1,0,60000,0,2,0,0,0,1,0,1,2,3,2,30,0.7800190251168106,1
1,1,90000,5,4,0,0,0,1,0,1,0,0,2,47,0.9061697931247111,1
1,1,60000,1,2,0,0,0,0,1,1,1,2,2,45,0.8470121361792093,1
0,1,100000,0,2,0,0,0,1,0,0,4,1,2,45,0.8357233634878688,1
1,0,120000,2,3,0,1,0,0,0,1,3,3,2,62,0.8045157219640697,1
1,1,60000,2,2,0,0,0,1,0,1,2,4,2,55,0.5547927924477878,1
1,0,90000,5,3,0,1,0,0,0,1,2,1,2,66,0.8498757886387043,1
0,1,70000,4,2,0,0,0,1,0,1,1,4,2,56,0.8137146387959808,1
0,0,50000,3,3,0,0,0,0,1,0,1,0,2,40,0.9560400532329622,1
1,0,50000,0,4,0,0,0,0,1,1,0,1,2,33,0.9481789345427059,1
1,1,80000,3,3,0,1,0,0,0,1,1,1,2,56,0.8607321851409548,1
0,1,30000,0,0,1,0,0,0,0,0,2,3,2,27,0.7816147283653719,1
1,1,60000,0,4,0,0,0,1,0,0,0,0,2,39,0.9180636633817826,1
1,0,60000,0,2,0,0,0,0,1,1,2,3,2,31,0.818895382673155,1
0,0,60000,2,0,0,0,0,0,1,0,2,1,2,51,0.9436138165338457,1
1,0,30000,1,1,1,0,0,0,0,1,1,3,2,52,0.8219051775597179,1
1,1,60000,1,2,0,0,0,0,1,0,1,0,2,47,0.898108358357049,1
1,1,70000,3,4,0,1,0,0,0,1,2,3,2,53,0.608907093041638,1
1,1,70000,3,4,0,0,0,1,0,1,0,0,2,35,0.9042846948617561,1
1,0,60000,3,3,0,1,0,0,0,1,2,4,2,66,0.667358341297595,1
0,0,80000,4,4,0,1,0,0,0,1,2,3,2,65,0.8743450988895717,1
1,1,80000,5,2,0,0,0,1,0,1,3,3,2,45,0.4421327350745469,0
0,1,40000,0,1,0,0,0,0,1,1,1,3,2,31,0.899203319899224,1
0,0,80000,3,3,0,0,0,0,1,1,3,4,2,40,0.7935632740325387,1
1,1,110000,5,2,0,0,0,1,0,1,4,2,2,46,0.4906003349740187,0
0,1,40000,2,2,1,0,0,0,0,0,1,1,2,47,0.900579506281287,1
1,1,130000,2,4,0,1,0,0,0,1,2,0,2,41,0.9065681800393495,1
1,1,60000,2,1,0,0,0,1,0,0,2,1,2,48,0.737146559957189,1
0,0,50000,4,3,0,0,0,0,1,1,2,0,2,42,0.9302529316943599,1
0,1,40000,5,1,0,0,0,1,0,1,4,4,2,60,0.36720926493082406,0
0,0,60000,3,4,0,1,0,0,0,1,2,4,2,66,0.8202267068504447,1
1,1,70000,5,3,0,1,0,0,0,1,2,4,2,63,0.4880551948684002,0
1,1,60000,4,3,0,0,0,0,1,0,3,4,2,42,0.33379339259646446,0
0,0,30000,0,1,0,0,0,0,1,0,2,3,2,26,0.8684448792388237,1
0,0,60000,1,4,0,0,0,1,0,1,0,2,2,36,0.9626175170416643,1
1,1,90000,2,2,0,0,0,1,0,0,0,3,2,49,0.8544919742068638,1
0,1,150000,1,2,0,0,0,1,0,0,3,0,2,44,0.9511231218031594,1
1,1,80000,5,2,0,0,0,1,0,1,3,1,2,46,0.5994253264217165,1
1,1,60000,2,1,0,0,0,1,0,1,2,2,2,54,0.7156581463834718,1
0,1,70000,4,4,0,0,0,1,0,1,0,2,2,35,0.9139000458003373,1
1,1,60000,2,3,0,0,0,0,1,1,0,0,2,38,0.9306916843133736,1
0,1,100000,3,3,0,1,0,0,0,0,3,1,2,38,0.8417008206398131,1
0,1,60000,3,1,0,0,0,1,0,1,2,4,2,53,0.7377414424731193,1
1,0,10000,2,2,0,0,1,0,0,1,0,1,0,50,0.06378583089354681,0
1,1,120000,2,2,0,0,1,0,0,1,1,0,0,40,0.11450669135797625,0
1,0,30000,3,1,0,0,0,0,1,0,2,1,1,54,0.27728399373535423,0
0,0,90000,0,3,0,0,0,1,0,0,4,4,1,36,0.21678146931969394,0
1,1,170000,5,2,0,0,0,1,0,1,0,0,0,55,0.26802276415168613,0
1,1,40000,2,2,1,0,0,0,0,1,1,1,0,35,0.04265846928649865,0
0,1,60000,1,2,0,0,0,0,1,0,1,0,1,45,0.6902249063184889,1
0,0,10000,2,1,0,0,1,0,0,1,1,0,0,38,0.12143455371423367,0
0,1,30000,3,2,1,0,0,0,0,0,2,1,1,59,0.3088505935652691,0
1,0,30000,1,3,1,0,0,0,0,1,0,0,0,47,0.15281149108211053,0
0,1,40000,2,2,1,0,0,0,0,1,1,1,0,35,0.09872209681430615,0
0,1,20000,2,0,1,0,0,0,0,1,2,3,1,55,0.24879304512567435,0
1,0,40000,0,4,1,0,0,0,0,1,0,0,0,36,0.17323479462218827,0
0,0,80000,0,3,0,0,0,1,0,1,4,4,1,35,0.22334015311095307,0
0,1,40000,2,2,1,0,0,0,0,1,0,1,0,35,0.15590868924468204,0
1,0,80000,5,1,0,1,0,0,0,0,3,3,0,56,0.015484807483464492,0
0,1,40000,2,2,1,0,0,0,0,0,1,0,0,34,0.11132335324607291,0
0,1,30000,1,3,1,0,0,0,0,1,0,0,0,63,0.21661777889763426,0
0,1,30000,0,2,1,0,0,0,0,0,1,0,0,29,0.1266994625591798,0
0,0,100000,0,3,0,0,0,1,0,0,1,3,1,40,0.6794809422074808,1
1,1,70000,5,2,0,0,0,0,1,1,2,3,1,44,0.13309414292025637,0
0,0,20000,0,0,0,0,1,0,0,0,2,0,0,32,0.10037345686850985,0
1,0,20000,2,2,0,0,1,0,0,1,0,0,0,63,0.10237907366011667,0
1,1,10000,0,2,0,0,1,0,0,0,1,0,1,26,0.23495688210049337,0
0,0,20000,0,1,0,0,1,0,0,0,1,3,0,31,0.06302397328369859,0
0,1,80000,2,1,0,0,0,0,1,0,2,1,1,50,0.5447292332828236,1
